{
    "temp": [
        299.06042026903174,
        298.6886085781308,
        297.0286770825355,
        295.03172653551337,
        294.453442184501,
        293.9390605484522,
        291.81985627733513,
        290.9157435021441,
        291.21713947751647,
        291.07107977582604,
        289.67543141757164,
        289.540493465878,
        288.79532523596106,
        290.70371614682375,
        293.55752402119026,
        294.4560299821162,
        295.7181862459482,
        297.3028765715114,
        298.6671564646277,
        299.65597602492915,
        301.2203563018092,
        301.73614180372175,
        301.906210056956,
        301.37286065956425,
        300.8720150493237,
        300.45330287027235,
        299.2046626572701,
        296.6958518062665,
        295.3664885076922,
        293.50029419647075,
        293.8672186317394,
        294.93528162605975,
        296.14078829418446,
        295.2435400038958,
        293.93013315743076,
        292.49948135859415,
        292.2703637534102,
        293.4280929913849,
        295.21231702573084,
        297.6184740982623,
        299.95616607232455,
        301.2042173043511,
        302.3552512932154,
        302.8562017915671,
        303.77106660781396,
        303.7657205697069,
        303.4122798527107,
        303.44616826606637
    ],
    "dew point temp": [
        273.0744928922368,
        273.85417606440285,
        274.88071409950686,
        275.23009286854483,
        274.95510704929563,
        274.6988003863122,
        274.9759893558124,
        275.36311380492924,
        275.5673673115758,
        275.28181143157667,
        275.31455007512216,
        275.6856742679801,
        275.75695900514967,
        276.6826913742425,
        277.81495279237345,
        279.0396808125855,
        280.408010247313,
        279.6898009461288,
        279.183362955319,
        278.49068930593324,
        277.9808646482585,
        276.3431014612846,
        275.58099555517964,
        273.69894744577147,
        273.7178352567141,
        274.22859150272046,
        276.058843904031,
        274.6906382987605,
        273.55178217983155,
        272.5026893600667,
        273.41593913703707,
        273.6544129524166,
        273.9005497991729,
        273.96416651312694,
        274.17856235951695,
        275.3290816594521,
        274.8872428443359,
        275.6191735752573,
        276.82142767943606,
        276.803422090607,
        275.437006943187,
        274.1418403692429,
        272.5019981948419,
        271.94165915784026,
        272.8412003174757,
        272.5919389170934,
        271.99248490494665,
        271.5201952512601
    ],
    "precipatation": [
        0.0,
        0.0,
        0.0,
        0.0,
        0.0,
        0.0,
        0.0,
        0.0,
        0.0,
        0.0,
        0.0,
        0.0,
        0.0,
        0.0,
        0.0,
        0.0,
        0.0,
        0.0,
        0.0,
        0.0,
        0.0,
        0.0,
        0.0,
        0.0,
        0.0,
        0.0,
        0.0,
        0.0,
        0.0,
        0.0,
        0.0,
        0.0,
        0.0,
        0.0,
        0.0,
        0.0,
        0.0,
        0.0,
        0.0,
        0.0,
        0.0,
        0.0,
        0.0,
        0.0,
        0.0,
        0.0,
        0.0,
        0.0
    ],
    "date and time": [
        "2020-05-28 00:27:00+00:00",
        "2020-05-28 01:27:00+00:00",
        "2020-05-28 02:27:00+00:00",
        "2020-05-28 03:27:00+00:00",
        "2020-05-28 04:27:00+00:00",
        "2020-05-28 05:27:00+00:00",
        "2020-05-28 06:27:00+00:00",
        "2020-05-28 07:27:00+00:00",
        "2020-05-28 08:27:00+00:00",
        "2020-05-28 09:27:00+00:00",
        "2020-05-28 10:27:00+00:00",
        "2020-05-28 11:27:00+00:00",
        "2020-05-28 12:27:00+00:00",
        "2020-05-28 13:27:00+00:00",
        "2020-05-28 14:27:00+00:00",
        "2020-05-28 15:27:00+00:00",
        "2020-05-28 16:27:00+00:00",
        "2020-05-28 17:27:00+00:00",
        "2020-05-28 18:27:00+00:00",
        "2020-05-28 19:27:00+00:00",
        "2020-05-28 20:27:00+00:00",
        "2020-05-28 21:27:00+00:00",
        "2020-05-28 22:27:00+00:00",
        "2020-05-28 23:27:00+00:00",
        "2020-05-29 00:27:00+00:00",
        "2020-05-29 01:27:00+00:00",
        "2020-05-29 02:27:00+00:00",
        "2020-05-29 03:27:00+00:00",
        "2020-05-29 04:27:00+00:00",
        "2020-05-29 05:27:00+00:00",
        "2020-05-29 06:27:00+00:00",
        "2020-05-29 07:27:00+00:00",
        "2020-05-29 08:27:00+00:00",
        "2020-05-29 09:27:00+00:00",
        "2020-05-29 10:27:00+00:00",
        "2020-05-29 11:27:00+00:00",
        "2020-05-29 12:27:00+00:00",
        "2020-05-29 13:27:00+00:00",
        "2020-05-29 14:27:00+00:00",
        "2020-05-29 15:27:00+00:00",
        "2020-05-29 16:27:00+00:00",
        "2020-05-29 17:27:00+00:00",
        "2020-05-29 18:27:00+00:00",
        "2020-05-29 19:27:00+00:00",
        "2020-05-29 20:27:00+00:00",
        "2020-05-29 21:27:00+00:00",
        "2020-05-29 22:27:00+00:00",
        "2020-05-29 23:27:00+00:00"
    ],
    "Fuel Moisture": [
        4.4,
        4.3,
        4.2,
        4.3,
        4.4,
        4.5,
        4.7,
        4.8,
        5.0,
        5.1,
        5.4,
        5.6,
        5.9,
        6.2,
        7.0,
        7.3,
        7.0,
        6.7,
        6.3,
        5.7,
        5.3,
        5.1,
        5.1,
        4.7,
        4.7,
        4.5,
        4.5,
        4.5,
        4.6,
        4.9,
        5.0,
        5.2,
        5.5,
        5.6,
        5.5,
        5.8,
        6.0,
        6.0,
        6.2,
        6.5,
        6.3,
        5.8,
        5.5,
        4.6,
        4.6,
        4.7,
        4.5,
        4.8
    ],
    "relative humidity": [
        18.200281271095626,
        19.68576227082726,
        23.401817611900928,
        27.078817458763748,
        27.50862640328186,
        27.87588891699863,
        32.43004835522618,
        35.2848220364236,
        35.129022757309954,
        34.73965301911123,
        38.03430787606536,
        39.38868958248105,
        41.517376528622734,
        39.26394749688027,
        35.574828147511326,
        36.65167252746662,
        37.28282173286402,
        32.25298895563874,
        28.710184850131164,
        25.809940619382633,
        22.727295530259653,
        19.660174851813675,
        18.44338775408585,
        16.623979497537754,
        17.14016897703436,
        18.223797635439944,
        22.350871003408166,
        23.552923847357565,
        23.51982749679892,
        24.43732478959151,
        25.529314506022345,
        24.326324080413862,
        23.011892055864617,
        24.41250523269774,
        26.869043869027394,
        31.876766749099435,
        31.33107271278286,
        30.72079560398916,
        29.97833074703592,
        25.889709006657142,
        20.45796175699032,
        17.332659507759924,
        14.396732294376429,
        13.425321269200385,
        13.602928726104718,
        13.362426892172389,
        13.051522663360926,
        12.582522001565252
    ],